Dataset,Classificador,Accuracy,D.P. - Acurácia,Precision Macro,D.P - Precision Macro,Recall Macro,D.P - Recall Macro,F1 Macro,D.P - F1 Macro,Precision Micro,D.P - Precision Micro,Recall Micro,D.P - Recall Micro,F1 Micro,D.P - F1 Micro,Precision Weighted,D.P - Precision Weighted,Recall Weighted,D.P - Recall Weighted,F1 Weighted,D.P - F1 Weighted,N. Amostras,PCA,Variância
plantclef2013_inception_V3,"SVM - (sigmoid, ovr)",0.5638468466283391,0.008425525722046459,0.4982247634577437,0.007535724899775903,0.39705834785463134,0.009916149742637721,0.4093083185991658,0.007977951469509057,0.5638468466283391,0.008425525722046459,0.5638468466283391,0.008425525722046459,0.5638468466283391,0.008425525722046459,0.5841415748701166,0.006606388890456092,0.5638468466283391,0.008425525722046459,0.5420825772924098,0.008249749959580142,26077,340,0.9000857023470434
