Dataset,Classificador,Accuracy,D.P. - Acurácia,Precision Macro,D.P - Precision Macro,Recall Macro,D.P - Recall Macro,F1 Macro,D.P - F1 Macro,Precision Micro,D.P - Precision Micro,Recall Micro,D.P - Recall Micro,F1 Micro,D.P - F1 Micro,Precision Weighted,D.P - Precision Weighted,Recall Weighted,D.P - Recall Weighted,F1 Weighted,D.P - F1 Weighted,N. Amostras,PCA,Variância
plantclef2013_vgg19,"SVM - (polynomial, ovo)",0.6602921533960249,0.008072347837348802,0.603160318134051,0.008753388664919185,0.5275392853103101,0.009648012801782421,0.5409611715960391,0.007656057739761257,0.6602921533960249,0.008072347837348802,0.6602921533960249,0.008072347837348802,0.6602921533960249,0.008072347837348802,0.6810916814636118,0.00792898341900366,0.6602921533960249,0.008072347837348802,0.6550690419481737,0.007858712161371274,26077,526,0.9000119659116048
