Dataset,Classificador,Accuracy,D.P. - Acurácia,Precision Macro,D.P - Precision Macro,Recall Macro,D.P - Recall Macro,F1 Macro,D.P - F1 Macro,Precision Micro,D.P - Precision Micro,Recall Micro,D.P - Recall Micro,F1 Micro,D.P - F1 Micro,Precision Weighted,D.P - Precision Weighted,Recall Weighted,D.P - Recall Weighted,F1 Weighted,D.P - F1 Weighted,N. Amostras,PCA,Variância
plantclef2013_vgg16,"SVM - (linear, ovr)",0.6335519339218842,0.0073463036214999645,0.5443475176572854,0.019755239155076737,0.5280096788996942,0.012241022535419194,0.519159239901978,0.014171138368827359,0.6335519339218842,0.0073463036214999645,0.6335519339218842,0.0073463036214999645,0.6335519339218842,0.0073463036214999645,0.6436523288526739,0.008302142729831579,0.6335519339218842,0.0073463036214999645,0.6289487437716416,0.007177870486757821,26077,527,0.9000040007439912
