Dataset,Classificador,Accuracy,D.P. - Acurácia,Precision Macro,D.P - Precision Macro,Recall Macro,D.P - Recall Macro,F1 Macro,D.P - F1 Macro,Precision Micro,D.P - Precision Micro,Recall Micro,D.P - Recall Micro,F1 Micro,D.P - F1 Micro,Precision Weighted,D.P - Precision Weighted,Recall Weighted,D.P - Recall Weighted,F1 Weighted,D.P - F1 Weighted,N. Amostras,PCA,Variância
resnet50_features,"SVM - (linear, ovr)",0.7612006480134357,0.009674374143894356,0.7159913426260573,0.012424777684315987,0.6849775805469911,0.013853029827351069,0.68105603112829,0.012865546562135255,0.7612006480134357,0.009674374143894356,0.7612006480134357,0.009674374143894356,0.7612006480134357,0.00967437414389433,0.7743045640934147,0.009592819777867172,0.7612006480134357,0.009674374143894356,0.7583011173139057,0.009276468283241607,26077,294,0.9002843984077807
