Dataset,Classificador,Accuracy,D.P. - Acurácia,Precision Macro,D.P - Precision Macro,Recall Macro,D.P - Recall Macro,F1 Macro,D.P - F1 Macro,Precision Micro,D.P - Precision Micro,Recall Micro,D.P - Recall Micro,F1 Micro,D.P - F1 Micro,Precision Weighted,D.P - Precision Weighted,Recall Weighted,D.P - Recall Weighted,F1 Weighted,D.P - F1 Weighted,N. Amostras,PCA,Variância
resnet50_features,"SVM - (polynomial, ovr)",0.7780741388513863,0.00830525177430848,0.7414368944916249,0.01677219800401006,0.6641188077974736,0.013563438013422293,0.6795654037646661,0.013734368622693713,0.7780741388513863,0.00830525177430848,0.7780741388513863,0.00830525177430848,0.7780741388513863,0.00830525177430848,0.7964691654973299,0.005928947124998552,0.7780741388513863,0.00830525177430848,0.7737888030126311,0.007608167819177085,26077,294,0.9002843984077807
