Dataset,Classificador,Accuracy,D.P. - Acurácia,Precision Macro,D.P - Precision Macro,Recall Macro,D.P - Recall Macro,F1 Macro,D.P - F1 Macro,Precision Micro,D.P - Precision Micro,Recall Micro,D.P - Recall Micro,F1 Micro,D.P - F1 Micro,Precision Weighted,D.P - Precision Weighted,Recall Weighted,D.P - Recall Weighted,F1 Weighted,D.P - F1 Weighted,N. Amostras,PCA,Variância
plantclef2013_vgg19,"SVM - (sigmoid, ovo)",0.11954679344146694,0.005840860140484959,0.08136618617017517,0.006764136195841325,0.06560041506123958,0.005377196008385031,0.06256993411687309,0.004579689459614025,0.11954679344146694,0.005840860140484959,0.11954679344146694,0.005840860140484959,0.11954679344146694,0.005840860140484959,0.13215852740514505,0.006629322010686378,0.11954679344146694,0.005840860140484959,0.11163520967808546,0.004409126039035402,26077,526,0.9000119659116048
