Dataset,Classificador,Accuracy,D.P. - Acurácia,Precision Macro,D.P - Precision Macro,Recall Macro,D.P - Recall Macro,F1 Macro,D.P - F1 Macro,Precision Micro,D.P - Precision Micro,Recall Micro,D.P - Recall Micro,F1 Micro,D.P - F1 Micro,Precision Weighted,D.P - Precision Weighted,Recall Weighted,D.P - Recall Weighted,F1 Weighted,D.P - F1 Weighted,N. Amostras,PCA,Variância
plantclef2013_inception_V3,"SVM - (linear, ovr)",0.6905413744267046,0.008248871559187179,0.6430761863624734,0.013748254055559472,0.6111048972460624,0.012845151833429488,0.6079389796856455,0.012589234871360896,0.6905413744267046,0.008248871559187179,0.6905413744267046,0.008248871559187179,0.6905413744267046,0.008248871559187179,0.7035376394016611,0.008295243919867044,0.6905413744267046,0.008248871559187179,0.6869239603388226,0.008428881227621952,26077,340,0.9000857023470434
