Dataset,Classificador,Accuracy,D.P. - Acurácia,Precision Macro,D.P - Precision Macro,Recall Macro,D.P - Recall Macro,F1 Macro,D.P - F1 Macro,Precision Micro,D.P - Precision Micro,Recall Micro,D.P - Recall Micro,F1 Micro,D.P - F1 Micro,Precision Weighted,D.P - Precision Weighted,Recall Weighted,D.P - Recall Weighted,F1 Weighted,D.P - F1 Weighted,N. Amostras,PCA,Variância
plantclef2013_vgg16,"SVC - (polynomial, ovr)",0.7025868857666422,0.007664596570119625,0.623981535541081,0.010167075952279706,0.5820376438559887,0.009527101316821896,0.5848419254222572,0.010248909640669242,0.7025868857666422,0.007664596570119625,0.7025868857666422,0.007664596570119625,0.7025868857666422,0.00766459657011961,0.7105628066869799,0.007849252207468722,0.7025868857666422,0.007664596570119625,0.6969706519844707,0.007888435819489626,26077,527,0.9000040007439911
