Dataset,Classificador,Accuracy,D.P. - Acurácia,Precision Macro,D.P - Precision Macro,Recall Macro,D.P - Recall Macro,F1 Macro,D.P - F1 Macro,Precision Micro,D.P - Precision Micro,Recall Micro,D.P - Recall Micro,F1 Micro,D.P - F1 Micro,Precision Weighted,D.P - Precision Weighted,Recall Weighted,D.P - Recall Weighted,F1 Weighted,D.P - F1 Weighted,N. Amostras,PCA,Variância
nasnetlarge_features,"SVM - (polynomial, ovo)",0.16885092067377144,0.004255750767926365,0.12474245656998813,0.010810751744030182,0.0644035752084712,0.002407921535169728,0.07224644977255293,0.003930191524695744,0.16885092067377144,0.004255750767926365,0.16885092067377144,0.004255750767926365,0.16885092067377144,0.004255750767926365,0.2638325107077736,0.011042091025276318,0.16885092067377144,0.004255750767926365,0.16961444752798543,0.00430236789882134,26077,422,0.9001608451439956
