Dataset,Classificador,Accuracy,D.P. - Acurácia,Precision Macro,D.P - Precision Macro,Recall Macro,D.P - Recall Macro,F1 Macro,D.P - F1 Macro,Precision Micro,D.P - Precision Micro,Recall Micro,D.P - Recall Micro,F1 Micro,D.P - F1 Micro,Precision Weighted,D.P - Precision Weighted,Recall Weighted,D.P - Recall Weighted,F1 Weighted,D.P - F1 Weighted,N. Amostras,PCA,Variância
resnet50_features,"SVC - (polynomial, ovr)",0.818022372291491,0.007119840348238109,0.7714019936440056,0.010053903373834524,0.7288872594053467,0.010081966790319868,0.7317721071446486,0.010019272873888409,0.818022372291491,0.007119840348238109,0.818022372291491,0.007119840348238109,0.818022372291491,0.007119840348238117,0.8270817505709654,0.006625526862850953,0.818022372291491,0.007119840348238109,0.8138521384340507,0.0068420258870907046,26077,294,0.9002843984077806
