Dataset,Classificador,Accuracy,D.P. - Acurácia,Precision Macro,D.P - Precision Macro,Recall Macro,D.P - Recall Macro,F1 Macro,D.P - F1 Macro,Precision Micro,D.P - Precision Micro,Recall Micro,D.P - Recall Micro,F1 Micro,D.P - F1 Micro,Precision Weighted,D.P - Precision Weighted,Recall Weighted,D.P - Recall Weighted,F1 Weighted,D.P - F1 Weighted,N. Amostras,PCA,Variância
nasnetlarge_features,"SVC - (linear, ovr)",0.6646158959383592,0.008644499199589555,0.5944578997675511,0.011877159903746068,0.5940419165975548,0.010751459691202787,0.5764681726298074,0.010108698911567009,0.6646158959383592,0.008644499199589555,0.6646158959383592,0.008644499199589555,0.6646158959383592,0.008644499199589555,0.6739657411071657,0.010371739690063806,0.6646158959383592,0.008644499199589555,0.65980157174867,0.009082180068315494,26077,422,0.900160845143996
