Dataset,Classificador,Accuracy,D.P. - Acurácia,Precision Macro,D.P - Precision Macro,Recall Macro,D.P - Recall Macro,F1 Macro,D.P - F1 Macro,Precision Micro,D.P - Precision Micro,Recall Micro,D.P - Recall Micro,F1 Micro,D.P - F1 Micro,Precision Weighted,D.P - Precision Weighted,Recall Weighted,D.P - Recall Weighted,F1 Weighted,D.P - F1 Weighted,N. Amostras,PCA,Variância
resnet50_features,"SVM - (sigmoid, ovo)",0.25748710584726997,0.005975810844109631,0.25520002923358376,0.01323644055333963,0.19318856800135664,0.006871204179533766,0.1986791945863665,0.00774266828595121,0.25748710584726997,0.005975810844109631,0.25748710584726997,0.005975810844109631,0.25748710584726997,0.005975810844109631,0.2942066664810052,0.006660837724507497,0.25748710584726997,0.005975810844109631,0.25342509341192937,0.005205321944205145,26077,294,0.9002843984077807
