Dataset,Classificador,Accuracy,D.P. - Acurácia,Precision Macro,D.P - Precision Macro,Recall Macro,D.P - Recall Macro,F1 Macro,D.P - F1 Macro,Precision Micro,D.P - Precision Micro,Recall Micro,D.P - Recall Micro,F1 Micro,D.P - F1 Micro,Precision Weighted,D.P - Precision Weighted,Recall Weighted,D.P - Recall Weighted,F1 Weighted,D.P - F1 Weighted,N. Amostras,PCA,Variância
plantclef2013_vgg19,"SVC - (polynomial, ovr)",0.6951354443668558,0.007280755040859419,0.6134320895280878,0.01378725838564425,0.5744246766070423,0.009170867146965184,0.5756217348156902,0.00895031154590261,0.6951354443668558,0.007280755040859419,0.6951354443668558,0.007280755040859419,0.6951354443668558,0.007280755040859419,0.7027556895074231,0.006891876515267762,0.6951354443668558,0.007280755040859419,0.689542484578804,0.007398867749877409,26077,526,0.9000119659116048
