Dataset,Classificador,Accuracy,D.P. - Acurácia,Precision Macro,D.P - Precision Macro,Recall Macro,D.P - Recall Macro,F1 Macro,D.P - F1 Macro,Precision Micro,D.P - Precision Micro,Recall Micro,D.P - Recall Micro,F1 Micro,D.P - F1 Micro,Precision Weighted,D.P - Precision Weighted,Recall Weighted,D.P - Recall Weighted,F1 Weighted,D.P - F1 Weighted,N. Amostras,PCA,Variância
plantclef2013_inception_V3,"SVC - (linear, ovo)",0.646482738485366,0.005653869697050383,0.5664933376447704,0.014189845615927258,0.5792075496625361,0.008718142564839597,0.5560375738701262,0.00989240199919381,0.646482738485366,0.005653869697050383,0.646482738485366,0.005653869697050383,0.646482738485366,0.005653869697050383,0.6595136719501521,0.005329481242241702,0.646482738485366,0.005653869697050383,0.6436256489348098,0.005069950789166062,26077,340,0.9000857023470438
