Dataset,Classificador,Accuracy,D.P. - Acurácia,Precision Macro,D.P - Precision Macro,Recall Macro,D.P - Recall Macro,F1 Macro,D.P - F1 Macro,Precision Micro,D.P - Precision Micro,Recall Micro,D.P - Recall Micro,F1 Micro,D.P - F1 Micro,Precision Weighted,D.P - Precision Weighted,Recall Weighted,D.P - Recall Weighted,F1 Weighted,D.P - F1 Weighted
resnet50_features,"SVC - (polynomial, ovr)",0.8288218372528634,0.005945451908725264,0.7868273954066138,0.009435249008665408,0.7484784140392768,0.010102070885623312,0.7503851495027364,0.008657871013863437,0.8288218372528634,0.005945451908725264,0.8288218372528634,0.005945451908725264,0.8288218372528633,0.005945451908725256,0.8383302298120917,0.005955529333514158,0.8288218372528634,0.005945451908725264,0.8255916010034804,0.005784172975109311
