Dataset,Classificador,Accuracy,D.P. - Acurácia,Precision Macro,D.P - Precision Macro,Recall Macro,D.P - Recall Macro,F1 Macro,D.P - F1 Macro,Precision Micro,D.P - Precision Micro,Recall Micro,D.P - Recall Micro,F1 Micro,D.P - F1 Micro,Precision Weighted,D.P - Precision Weighted,Recall Weighted,D.P - Recall Weighted,F1 Weighted,D.P - F1 Weighted,N. Amostras,PCA,Variância
resnet152v2_features,"SVM - (sigmoid, ovo)",0.10168806103791757,0.005030934904629021,0.09306139338085351,0.004130346520242399,0.0707832670891567,0.004659412718089852,0.06609090141038787,0.0032913602678689233,0.10168806103791757,0.005030934904629021,0.10168806103791757,0.005030934904629021,0.10168806103791757,0.005030934904629021,0.11791043957845448,0.007109711488859422,0.10168806103791757,0.005030934904629021,0.08951810146743039,0.004798668425477859,26077,274,0.9002034343172385
