Dataset,Classificador,Accuracy,D.P. - Acurácia,Precision Macro,D.P - Precision Macro,Recall Macro,D.P - Recall Macro,F1 Macro,D.P - F1 Macro,Precision Micro,D.P - Precision Micro,Recall Micro,D.P - Recall Micro,F1 Micro,D.P - F1 Micro,Precision Weighted,D.P - Precision Weighted,Recall Weighted,D.P - Recall Weighted,F1 Weighted,D.P - F1 Weighted,N. Amostras,PCA,Variância
plantclef2013_vgg19,"SVM - (linear, ovr)",0.6325027575041011,0.008287291333561812,0.5524854759182534,0.010444474249517777,0.532789605352608,0.01589328428748741,0.5260835087220793,0.011579313310526364,0.6325027575041011,0.008287291333561812,0.6325027575041011,0.008287291333561812,0.6325027575041011,0.008287291333561812,0.6419681844789562,0.009234148766187611,0.6325027575041011,0.008287291333561812,0.6278392666554516,0.008660435212975786,26077,526,0.9000119659116048
