Dataset,Classificador,Accuracy,D.P. - Acurácia,Precision Macro,D.P - Precision Macro,Recall Macro,D.P - Recall Macro,F1 Macro,D.P - F1 Macro,Precision Micro,D.P - Precision Micro,Recall Micro,D.P - Recall Micro,F1 Micro,D.P - F1 Micro,Precision Weighted,D.P - Precision Weighted,Recall Weighted,D.P - Recall Weighted,F1 Weighted,D.P - F1 Weighted,N. Amostras,PCA,Variância
nasnetlarge_features,"SVM - (sigmoid, ovo)",0.4986116268767168,0.00897342980727154,0.4214608838803466,0.011791636423391684,0.3360775294692432,0.012589392929755024,0.3390078050796258,0.011862577254519141,0.4986116268767168,0.00897342980727154,0.4986116268767168,0.00897342980727154,0.4986116268767168,0.00897342980727154,0.5207124981620074,0.011293369578864813,0.4986116268767168,0.00897342980727154,0.4710120212641882,0.009786177904058694,26077,422,0.9001608451439956
