Dataset,Classificador,Accuracy,D.P. - Acurácia,Precision Macro,D.P - Precision Macro,Recall Macro,D.P - Recall Macro,F1 Macro,D.P - F1 Macro,Precision Micro,D.P - Precision Micro,Recall Micro,D.P - Recall Micro,F1 Micro,D.P - F1 Micro,Precision Weighted,D.P - Precision Weighted,Recall Weighted,D.P - Recall Weighted,F1 Weighted,D.P - F1 Weighted,N. Amostras,PCA,Variância
resnet152v2_features,"SVC - (polynomial, ovr)",0.2298725370064604,0.018681454068897454,0.28448263941374796,0.015608916713152735,0.11322586891002182,0.012781021161696843,0.14051394615289506,0.013957974143000951,0.2298725370064604,0.018681454068897454,0.2298725370064604,0.018681454068897454,0.2298725370064604,0.018681454068897454,0.5621841291838213,0.02227778117244323,0.2298725370064604,0.018681454068897454,0.2890376862818812,0.0207011313951058,26077,274,0.9002034343172387
