Dataset,Classificador,Accuracy,D.P. - Acurácia,Precision Macro,D.P - Precision Macro,Recall Macro,D.P - Recall Macro,F1 Macro,D.P - F1 Macro,Precision Micro,D.P - Precision Micro,Recall Micro,D.P - Recall Micro,F1 Micro,D.P - F1 Micro,Precision Weighted,D.P - Precision Weighted,Recall Weighted,D.P - Recall Weighted,F1 Weighted,D.P - F1 Weighted,N. Amostras,PCA,Variância
nasnetlarge_features,"SVM - (linear, ovo)",0.688151280760974,0.00955456263005493,0.6268696912245066,0.02295424631057802,0.5935209518794957,0.019717720469399812,0.5891118437395831,0.019131875816014568,0.688151280760974,0.00955456263005493,0.688151280760974,0.00955456263005493,0.688151280760974,0.00955456263005493,0.7019337236865366,0.008635308660865064,0.688151280760974,0.00955456263005493,0.6839659032214029,0.009125199960178465,26077,422,0.9001608451439956
