Dataset,Classificador,Accuracy,D.P. - Acurácia,Precision Macro,D.P - Precision Macro,Recall Macro,D.P - Recall Macro,F1 Macro,D.P - F1 Macro,Precision Micro,D.P - Precision Micro,Recall Micro,D.P - Recall Micro,F1 Micro,D.P - F1 Micro,Precision Weighted,D.P - Precision Weighted,Recall Weighted,D.P - Recall Weighted,F1 Weighted,D.P - F1 Weighted,N. Amostras,PCA,Variância
plantclef2013_vgg16,"SVM - (sigmoid, ovr)",0.10314995866973091,0.0065775392013571205,0.0691894137677653,0.011014215522177163,0.057185697301864756,0.0069341487746997586,0.053529877821774055,0.007318993463831511,0.10314995866973091,0.0065775392013571205,0.10314995866973091,0.0065775392013571205,0.10314995866973094,0.006577539201357119,0.11509621761538384,0.010056106425086921,0.10314995866973091,0.0065775392013571205,0.09576704001397027,0.006876963472743176,26077,527,0.9000040007439912
