Dataset,Classificador,Accuracy,D.P. - Acurácia,Precision Macro,D.P - Precision Macro,Recall Macro,D.P - Recall Macro,F1 Macro,D.P - F1 Macro,Precision Micro,D.P - Precision Micro,Recall Micro,D.P - Recall Micro,F1 Micro,D.P - F1 Micro,Precision Weighted,D.P - Precision Weighted,Recall Weighted,D.P - Recall Weighted,F1 Weighted,D.P - F1 Weighted,N. Amostras,PCA,Variância
plantclef2013_inception_V3,"SVM - (polynomial, ovr)",0.27520807020685445,0.006796163102157546,0.2336642585217424,0.008667877308822793,0.11318831316651441,0.0049665777027701535,0.13454742807710368,0.0055446605518061015,0.27520807020685445,0.006796163102157546,0.27520807020685445,0.006796163102157546,0.27520807020685445,0.006796163102157546,0.45068037219980156,0.008062145477559807,0.27520807020685445,0.006796163102157546,0.2947496567703745,0.00668825795952557,26077,340,0.9000857023470434
