Dataset,Classificador,Accuracy,D.P. - Acurácia,Precision Macro,D.P - Precision Macro,Recall Macro,D.P - Recall Macro,F1 Macro,D.P - F1 Macro,Precision Micro,D.P - Precision Micro,Recall Micro,D.P - Recall Micro,F1 Micro,D.P - F1 Micro,Precision Weighted,D.P - Precision Weighted,Recall Weighted,D.P - Recall Weighted,F1 Weighted,D.P - F1 Weighted,N. Amostras,PCA,Variância
resnet152v2_features,"SVM - (polynomial, ovr)",0.6438439646335696,0.009612786953695213,0.5747414622209613,0.017710369554461085,0.5157982309523376,0.014650308931787526,0.5227360273502595,0.013079320801195402,0.6438439646335696,0.009612786953695213,0.6438439646335696,0.009612786953695213,0.6438439646335696,0.009612786953695213,0.6564584558740358,0.01155532156032102,0.6438439646335696,0.009612786953695213,0.6359234066772079,0.009931894248402469,26077,274,0.9002034343172385
