Dataset,Classificador,Accuracy,D.P. - Acurácia,Precision Macro,D.P - Precision Macro,Recall Macro,D.P - Recall Macro,F1 Macro,D.P - F1 Macro,Precision Micro,D.P - Precision Micro,Recall Micro,D.P - Recall Micro,F1 Micro,D.P - F1 Micro,Precision Weighted,D.P - Precision Weighted,Recall Weighted,D.P - Recall Weighted,F1 Weighted,D.P - F1 Weighted,N. Amostras,PCA,Variância
resnet152v2_features,"SVM - (linear, ovr)",0.613781971783742,0.008495220491656373,0.5297541406968562,0.015832960861352652,0.518818686604958,0.012475112603295159,0.506289549764819,0.012430669051804472,0.613781971783742,0.008495220491656373,0.613781971783742,0.008495220491656373,0.613781971783742,0.008495220491656373,0.6228129065892039,0.010784062061709496,0.613781971783742,0.008495220491656373,0.6085267305754776,0.008672630213407723,26077,274,0.9002034343172385
