Dataset,Classificador,Accuracy,D.P. - Acurácia,Precision Macro,D.P - Precision Macro,Recall Macro,D.P - Recall Macro,F1 Macro,D.P - F1 Macro,Precision Micro,D.P - Precision Micro,Recall Micro,D.P - Recall Micro,F1 Micro,D.P - F1 Micro,Precision Weighted,D.P - Precision Weighted,Recall Weighted,D.P - Recall Weighted,F1 Weighted,D.P - F1 Weighted,N. Amostras,PCA,Variância
plantclef2013_vgg16,"SVM - (polynomial, ovo)",0.6658946684372784,0.006946788017571828,0.5942195879840799,0.013545394735958949,0.5266753826123205,0.009059511809452239,0.5383136794298842,0.010210057579431416,0.6658946684372784,0.006946788017571828,0.6658946684372784,0.006946788017571828,0.6658946684372784,0.006946788017571828,0.6847226633672635,0.007330738311896687,0.6658946684372784,0.006946788017571828,0.6604081609597661,0.0068634871822763005,26077,527,0.9000040007439912
